ID,NAME,PRICE,COMPANY_ID,APP_CATEGORY_ID
1,Solarbreeze 31,879,53,5
2,It 32,635,205,12
3,Sub-Ex 33,868,37,3
4,Greenlam 34,124,367,5
5,Trippledex 35,555,133,9
6,Asoka 36,46,34,12
7,Latlux 37,260,853,13
8,Bytecard 38,847,247,14
9,Stronghold 39,532,539,12
10,Namfix 3130,703,608,4
11,Konklux 3131,701,388,18
12,Stronghold 3132,315,34,20
13,Transcof 3133,285,997,20
14,Sonair 3134,967,891,13
15,Bytecard 3135,484,283,19
16,Regrant 3136,533,861,6
17,Konklux 3137,950,890,9
18,Veribet 3138,290,647,18
19,Fix San 3139,401,585,17
20,It 3230,118,882,19
21,Stim 3231,126,395,6
22,Keylex 3232,717,230,1
23,Temp 3233,589,299,9
24,Stringtough 3234,275,443,17
25,Y-Solowarm 3235,711,958,5
26,Domainer 3236,276,122,8
27,Asoka 3237,969,244,9
28,Voyatouch 3238,720,137,9
29,Greenlam 3239,867,164,20
30,Flexidy 3330,939,962,10
31,Rank 3331,871,104,5
32,Stim 3332,40,522,20
33,Mat Lam Tam 3333,638,881,8
34,Hatity 3334,847,736,3
35,Konklux 3335,637,289,1
36,Aerified 3336,860,183,19
37,Regrant 3337,530,539,7
38,Kanlam 3338,625,416,10
39,Trippledex 3339,769,959,3
40,Flexidy 3430,192,671,14
41,Bigtax 3431,43,26,6
42,Pannier 3432,829,718,18
43,Temp 3433,419,955,13
44,Voyatouch 3434,7,330,17
45,Overhold 3435,786,202,20
46,Cookley 3436,381,575,14
47,Zamit 3437,489,580,20
48,Stronghold 3438,697,663,8
49,Flowdesk 3439,142,462,10
50,Pannier 3530,235,36,20
51,Bitchip 3531,940,747,15
52,Overhold 3532,138,954,8
53,Greenlam 3533,376,811,16
54,Aerified 3534,336,102,11
55,Zoolab 3535,939,610,1
56,Cardify 3536,347,94,20
57,Job 3537,174,339,12
58,Tres-Zap 3538,670,20,1
59,Sub-Ex 3539,343,401,10
60,Regrant 3630,426,900,16
61,Redhold 3631,749,296,15
62,Konklab 3632,462,305,6
63,Domainer 3633,972,272,5
64,Sonsing 3634,523,795,9
65,Y-find 3635,545,54,10
66,Span 3636,25,104,4
67,Flexidy 3637,341,771,13
68,Matsoft 3638,741,449,19
69,Hatity 3639,152,713,7
70,Otcom 3730,385,202,1
71,Voyatouch 3731,562,828,14
72,Aerified 3732,297,538,5
73,Voltsillam 3733,432,519,11
74,Konklux 3734,676,464,1
75,Home Ing 3735,765,243,1
76,Toughjoyfax 3736,559,315,2
77,Viva 3737,938,62,13
78,Kanlam 3738,501,40,8
79,Overhold 3739,636,365,13
80,Solarbreeze 3830,933,20,11
81,Bamity 3831,316,45,11
82,Lotlux 3832,207,105,1
83,Overhold 3833,337,414,2
84,Tres-Zap 3834,138,777,16
85,Greenlam 3835,70,44,19
86,Andalax 3836,587,389,16
87,Overhold 3837,965,270,1
88,Flowdesk 3838,355,554,19
89,Fix San 3839,833,201,11
90,Sonair 3930,418,575,11
91,Namfix 3931,522,691,15
92,Fix San 3932,165,961,20
93,Trippledex 3933,340,632,17
94,Zoolab 3934,678,785,6
95,Overhold 3935,919,430,10
96,Trippledex 3936,206,302,10
97,Biodex 3937,143,463,19
98,Subin 3938,796,824,7
99,Zamit 3939,220,472,20
100,Rank 313030,50,888,15
101,Y-find 313031,899,152,7
102,Konklux 313032,435,34,13
103,Lotstring 313033,51,552,14
104,Holdlamis 313034,713,497,3
105,Latlux 313035,41,197,4
106,Ronstring 313036,757,17,4
107,Voyatouch 313037,696,237,7
108,Lotlux 313038,201,661,10
109,Stim 313039,75,903,13
110,Cookley 313130,337,941,4
111,Tres-Zap 313131,415,881,13
112,Sub-Ex 313132,468,69,13
113,Zaam-Dox 313133,533,885,4
114,Ronstring 313134,676,697,11
115,Pannier 313135,533,542,20
116,Ronstring 313136,150,446,20
117,Fix San 313137,740,246,19
118,Asoka 313138,845,186,6
119,Home Ing 313139,721,360,11
120,Redhold 313230,753,969,8
121,Ronstring 313231,833,348,5
122,Latlux 313232,147,357,18
123,Tempsoft 313233,642,956,8
124,Cookley 313234,499,563,3
125,Tresom 313235,502,844,15
126,Fix San 313236,645,99,18
127,Transcof 313237,306,402,20
128,Voltsillam 313238,806,684,18
129,Tempsoft 313239,965,924,4
130,Cookley 313330,195,104,15
131,Latlux 313331,756,56,16
132,Biodex 313332,656,911,13
133,Alphazap 313333,183,240,13
134,Stronghold 313334,494,57,14
135,Stronghold 313335,638,754,2
136,Kanlam 313336,988,842,20
137,Lotstring 313337,303,711,8
138,Biodex 313338,842,941,3
139,Greenlam 313339,974,323,16
140,Sonsing 313430,619,282,8
141,Ventosanzap 313431,875,460,11
142,Sonsing 313432,1,680,8
143,Zamit 313433,242,287,10
144,Namfix 313434,319,214,3
145,Mat Lam Tam 313435,441,738,14
146,Fintone 313436,957,161,12
147,Tempsoft 313437,522,36,14
148,Opela 313438,308,555,2
149,Fixflex 313439,999,100,9
150,Tin 313530,522,890,11
151,Tin 313531,352,491,13
152,Solarbreeze 313532,631,170,16
153,Subin 313533,489,588,9
154,Asoka 313534,389,194,16
155,Regrant 313535,299,716,9
156,Voyatouch 313536,884,47,10
157,Lotstring 313537,767,780,6
158,Bitwolf 313538,755,602,14
159,Sub-Ex 313539,120,151,11
160,Subin 313630,890,302,4
161,Y-Solowarm 313631,438,489,16
162,Latlux 313632,176,666,19
163,Alphazap 313633,310,990,9
164,Kanlam 313634,798,353,8
165,Fintone 313635,797,714,13
166,Fixflex 313636,57,698,20
167,Cardguard 313637,731,140,12
168,Cardify 313638,294,583,3
169,Biodex 313639,466,849,8
170,Daltfresh 313730,388,27,12
171,Regrant 313731,264,327,7
172,Hatity 313732,431,986,11
173,Tin 313733,119,832,2
174,Otcom 313734,9,180,5
175,Kanlam 313735,313,3,11
176,Overhold 313736,800,385,5
177,Tin 313737,481,77,7
178,Konklab 313738,554,532,20
179,Ronstring 313739,569,940,1
180,Fixflex 313830,114,386,15
181,Voyatouch 313831,326,782,18
182,Pannier 313832,41,353,16
183,Regrant 313833,505,482,5
184,Veribet 313834,345,528,19
185,Prodder 313835,497,79,10
186,Bytecard 313836,157,120,5
187,Zontrax 313837,68,779,7
188,Opela 313838,961,474,19
189,Tempsoft 313839,914,256,15
190,Cookley 313930,663,421,4
191,Greenlam 313931,949,739,5
192,Cardguard 313932,586,556,1
193,Flexidy 313933,645,892,3
194,Wrapsafe 313934,882,881,2
195,Zaam-Dox 313935,225,424,20
196,Tres-Zap 313936,99,973,1
197,Matsoft 313937,572,378,5
198,Domainer 313938,367,594,19
199,Bigtax 313939,694,629,20
200,Zamit 323030,301,216,3
201,Tres-Zap 323031,125,283,11
202,Zoolab 323032,377,758,7
203,Lotlux 323033,14,283,18
204,Overhold 323034,547,458,20
205,Mat Lam Tam 323035,598,292,4
206,Tres-Zap 323036,687,232,4
207,Fixflex 323037,65,127,2
208,Bamity 323038,812,608,6
209,Keylex 323039,73,787,9
210,Otcom 323130,635,845,13
211,Tres-Zap 323131,741,880,3
212,Cardify 323132,794,653,2
213,Viva 323133,579,930,8
214,Zaam-Dox 323134,931,217,19
215,Namfix 323135,996,979,2
216,Sub-Ex 323136,212,519,2
217,Konklab 323137,524,695,17
218,Namfix 323138,681,173,2
219,Otcom 323139,718,769,7
220,Fixflex 323230,152,853,12
221,Transcof 323231,684,868,5
222,Tresom 323232,350,248,2
223,Span 323233,944,175,15
224,Domainer 323234,702,225,14
225,Voltsillam 323235,668,508,3
226,Rank 323236,244,679,10
227,Regrant 323237,190,384,9
228,Hatity 323238,554,34,19
229,Matsoft 323239,889,692,13
230,It 323330,117,851,5
231,Zoolab 323331,513,97,19
232,Regrant 323332,792,699,14
233,Alphazap 323333,374,564,17
234,Cardify 323334,341,137,4
235,It 323335,508,987,12
236,Stronghold 323336,153,968,6
237,Asoka 323337,102,638,10
238,Tampflex 323338,627,352,15
239,Sonsing 323339,354,702,12
240,Treeflex 323430,933,828,12
241,Ventosanzap 323431,795,762,16
242,Fix San 323432,844,312,13
243,Home Ing 323433,956,170,12
244,Sonsing 323434,940,103,12
245,Bitchip 323435,801,227,12
246,Veribet 323436,26,631,15
247,Ronstring 323437,527,441,6
248,Greenlam 323438,511,75,14
249,Tempsoft 323439,843,433,10
250,Lotstring 323530,938,677,1
251,Opela 323531,798,980,9
252,Tempsoft 323532,247,585,17
253,Tresom 323533,810,372,13
254,Tempsoft 323534,207,702,7
255,Holdlamis 323535,34,721,18
256,Keylex 323536,177,655,11
257,Bigtax 323537,572,800,12
258,Fintone 323538,51,305,4
259,Cookley 323539,698,319,8
260,Sonsing 323630,371,824,12
261,Regrant 323631,990,782,13
262,Gembucket 323632,254,491,18
263,Kanlam 323633,405,865,9
264,Sub-Ex 323634,837,526,8
265,Greenlam 323635,38,668,18
266,Cookley 323636,869,491,8
267,Zamit 323637,450,600,9
268,Rank 323638,799,52,3
269,Namfix 323639,955,14,3
270,Fix San 323730,419,553,8
271,Mat Lam Tam 323731,308,347,17
272,Mat Lam Tam 323732,490,102,9
273,Bamity 323733,522,842,17
274,Flexidy 323734,846,886,1
275,Redhold 323735,260,554,18
276,Transcof 323736,176,47,2
277,Job 323737,238,352,14
278,Fix San 323738,189,838,16
279,Overhold 323739,730,365,19
280,Alphazap 323830,845,37,19
281,Pannier 323831,775,719,19
282,Sonsing 323832,415,318,7
283,Hatity 323833,758,73,17
284,Sonair 323834,726,288,7
285,Andalax 323835,790,887,4
286,Quo Lux 323836,497,894,17
287,Subin 323837,570,787,7
288,Bitwolf 323838,866,310,11
289,Zamit 323839,807,276,12
290,Fintone 323930,885,55,10
291,Trippledex 323931,562,206,8
292,Ventosanzap 323932,793,149,11
293,Home Ing 323933,830,554,13
294,Fixflex 323934,234,282,18
295,Tampflex 323935,854,713,16
296,Subin 323936,921,87,9
297,Greenlam 323937,506,622,5
298,Cardguard 323938,26,71,16
299,Biodex 323939,635,294,15
300,Tres-Zap 333030,394,665,5
301,Gembucket 333031,584,912,18
302,Daltfresh 333032,200,994,11
303,Namfix 333033,739,399,8
304,Keylex 333034,36,384,19
305,Tresom 333035,495,426,2
306,Quo Lux 333036,846,600,14
307,Veribet 333037,723,296,17
308,Flowdesk 333038,502,928,2
309,Fintone 333039,478,920,19
310,Zamit 333130,967,167,11
311,Biodex 333131,460,264,2
312,Fix San 333132,891,766,15
313,Regrant 333133,111,414,1
314,Prodder 333134,602,288,17
315,Subin 333135,661,432,17
316,Treeflex 333136,941,73,7
317,Tin 333137,379,671,8
318,Redhold 333138,200,647,11
319,Rank 333139,817,674,13
320,Bitwolf 333230,60,577,3
321,Flowdesk 333231,554,902,13
322,Biodex 333232,832,625,8
323,Quo Lux 333233,523,783,6
324,Bigtax 333234,56,245,8
325,Latlux 333235,631,225,13
326,Trippledex 333236,602,34,1
327,Fix San 333237,94,202,9
328,Stringtough 333238,512,318,16
329,Konklux 333239,288,777,4
330,Rank 333330,343,350,3
331,Keylex 333331,910,104,19
332,Trippledex 333332,986,232,8
333,Transcof 333333,98,273,5
334,Biodex 333334,470,165,20
335,Fixflex 333335,461,171,15
336,Asoka 333336,998,468,18
337,Biodex 333337,177,309,15
338,Aerified 333338,309,6,4
339,Alpha 333339,32,761,16
340,Cardify 333430,658,352,3
341,Rank 333431,971,863,4
342,Konklab 333432,860,679,14
343,Prodder 333433,435,210,6
344,Lotlux 333434,852,685,9
345,Wrapsafe 333435,949,86,14
346,Sonsing 333436,181,315,3
347,Tampflex 333437,963,834,11
348,Treeflex 333438,357,375,20
349,Redhold 333439,656,418,12
350,Kanlam 333530,995,522,5
351,Kanlam 333531,613,294,18
352,Bitwolf 333532,496,801,2
353,Gembucket 333533,910,933,10
354,Rank 333534,797,746,19
355,Bytecard 333535,475,265,8
356,Fixflex 333536,579,990,3
357,Solarbreeze 333537,960,494,16
358,Trippledex 333538,203,761,10
359,Opela 333539,539,656,7
360,Mat Lam Tam 333630,455,708,5
361,Overhold 333631,472,852,9
362,Subin 333632,708,995,3
363,Otcom 333633,296,798,18
364,Quo Lux 333634,601,963,17
365,Aerified 333635,373,248,15
366,Pannier 333636,96,370,2
367,Domainer 333637,602,845,12
368,Treeflex 333638,498,252,6
369,Lotstring 333639,597,539,10
370,Alphazap 333730,324,137,8
371,Home Ing 333731,650,290,11
372,Andalax 333732,312,158,18
373,Bitchip 333733,183,81,6
374,Ventosanzap 333734,610,423,13
375,Sonsing 333735,559,993,13
376,Pannier 333736,540,823,20
377,Transcof 333737,393,945,15
378,Keylex 333738,965,253,19
379,Sub-Ex 333739,260,342,6
380,Cardguard 333830,723,945,5
381,Konklab 333831,194,452,15
382,Trippledex 333832,326,191,17
383,Holdlamis 333833,404,434,20
384,Kanlam 333834,66,779,9
385,Solarbreeze 333835,914,477,18
386,Fintone 333836,533,720,17
387,Pannier 333837,273,412,20
388,Asoka 333838,622,271,1
389,Keylex 333839,714,569,13
390,Bitwolf 333930,926,6,14
391,Daltfresh 333931,879,582,9
392,Cardguard 333932,998,946,10
393,Fixflex 333933,188,164,15
394,Subin 333934,609,615,1
395,Y-find 333935,921,201,1
396,Domainer 333936,77,617,16
397,Rank 333937,56,952,3
398,Toughjoyfax 333938,980,656,9
399,Ronstring 333939,558,583,12
400,Overhold 343030,6,789,5
401,Otcom 343031,895,907,5
402,Duobam 343032,462,435,13
403,Cookley 343033,830,59,20
404,Cardify 343034,694,621,11
405,Home Ing 343035,123,154,5
406,Fixflex 343036,406,573,5
407,Job 343037,822,859,12
408,Cookley 343038,246,30,20
409,Y-find 343039,729,299,13
410,Cardify 343130,527,459,17
411,Quo Lux 343131,961,779,1
412,Gembucket 343132,999,669,3
413,Alphazap 343133,544,389,20
414,Asoka 343134,834,640,4
415,Tresom 343135,503,958,3
416,Lotstring 343136,53,429,17
417,Zathin 343137,956,30,20
418,Biodex 343138,741,788,19
419,Zontrax 343139,831,653,5
420,Ronstring 343230,512,584,8
421,Stringtough 343231,159,284,16
422,Tresom 343232,228,133,2
423,Voltsillam 343233,912,283,7
424,Hatity 343234,921,218,7
425,Tampflex 343235,180,502,17
426,Vagram 343236,35,578,7
427,Tin 343237,351,98,13
428,Y-Solowarm 343238,862,851,2
429,Lotstring 343239,352,527,1
430,It 343330,705,639,14
431,Sonair 343331,936,700,5
432,Flowdesk 343332,271,688,7
433,Flexidy 343333,1,385,9
434,Transcof 343334,394,908,4
435,Treeflex 343335,599,234,17
436,Temp 343336,892,719,8
437,It 343337,494,756,15
438,Lotstring 343338,717,687,18
439,Stronghold 343339,319,746,14
440,Sonsing 343430,331,232,15
441,Cookley 343431,631,504,9
442,Matsoft 343432,809,25,5
443,Regrant 343433,158,104,18
444,Trippledex 343434,537,674,7
445,Fintone 343435,589,352,2
446,Zoolab 343436,199,271,4
447,Voyatouch 343437,886,765,10
448,Trippledex 343438,911,253,19
449,Gembucket 343439,617,579,15
450,Alpha 343530,464,379,1
451,Trippledex 343531,356,317,4
452,Konklab 343532,843,282,2
453,Latlux 343533,755,800,3
454,Wrapsafe 343534,149,269,18
455,Fintone 343535,181,206,3
456,Fixflex 343536,367,1,5
457,Ronstring 343537,665,383,1
458,Flexidy 343538,358,409,14
459,Hatity 343539,802,940,5
460,Trippledex 343630,859,433,9
461,Daltfresh 343631,622,30,18
462,Cookley 343632,756,903,14
463,Span 343633,202,983,18
464,Fintone 343634,507,981,9
465,Viva 343635,885,608,1
466,Ventosanzap 343636,744,946,20
467,Lotstring 343637,689,247,8
468,Trippledex 343638,307,535,1
469,Stronghold 343639,410,678,13
470,Lotlux 343730,989,321,11
471,Cookley 343731,115,296,16
472,Sub-Ex 343732,330,296,8
473,Namfix 343733,102,737,18
474,Bitchip 343734,311,198,8
475,Tresom 343735,759,8,16
476,Konklux 343736,93,828,12
477,Alphazap 343737,302,670,5
478,Bitchip 343738,74,381,3
479,Pannier 343739,269,694,6
480,Lotstring 343830,571,1,11
481,Temp 343831,519,575,19
482,Mat Lam Tam 343832,568,219,16
483,Home Ing 343833,897,584,6
484,Konklab 343834,718,814,5
485,Span 343835,218,311,17
486,Tresom 343836,775,916,10
487,Flexidy 343837,975,494,4
488,Fix San 343838,774,506,4
489,Asoka 343839,877,223,3
490,Y-Solowarm 343930,630,482,3
491,Bamity 343931,201,922,1
492,Domainer 343932,629,859,17
493,Lotstring 343933,988,655,19
494,Cardguard 343934,992,221,14
495,Flexidy 343935,952,581,7
496,Matsoft 343936,621,181,5
497,Konklab 343937,274,590,13
498,Ventosanzap 343938,466,206,11
499,Y-Solowarm 343939,427,876,2
500,Sonair 353030,504,920,20
501,Aerified 353031,660,999,8
502,Sonsing 353032,348,799,2
503,Regrant 353033,581,443,14
504,Stronghold 353034,586,855,16
505,Asoka 353035,624,383,18
506,Andalax 353036,419,129,19
507,Tres-Zap 353037,467,30,4
508,Sub-Ex 353038,359,980,16
509,Bamity 353039,593,405,1
510,Pannier 353130,615,921,13
511,Viva 353131,548,733,6
512,Veribet 353132,664,478,15
513,Sub-Ex 353133,7,866,1
514,Biodex 353134,533,377,10
515,Lotstring 353135,401,233,17
516,Tempsoft 353136,879,766,8
517,Zoolab 353137,416,908,3
518,Voltsillam 353138,738,853,10
519,Fixflex 353139,969,134,5
520,Veribet 353230,815,289,7
521,Cardguard 353231,226,278,15
522,Toughjoyfax 353232,754,125,2
523,Konklab 353233,50,247,8
524,Fixflex 353234,67,164,6
525,Transcof 353235,736,60,18
526,Home Ing 353236,408,425,10
527,Regrant 353237,197,693,16
528,Namfix 353238,975,746,2
529,Fintone 353239,45,45,16
530,Viva 353330,782,545,10
531,Job 353331,14,579,1
532,Stim 353332,797,781,4
533,Lotlux 353333,114,856,4
534,Sonsing 353334,439,348,9
535,Gembucket 353335,757,874,20
536,Stronghold 353336,499,914,19
537,Tampflex 353337,792,621,2
538,Job 353338,38,352,16
539,Span 353339,173,81,20
540,Matsoft 353430,649,762,10
541,Veribet 353431,561,32,12
542,Transcof 353432,614,817,19
543,Namfix 353433,946,875,19
544,Stronghold 353434,451,234,5
545,Tin 353435,211,726,11
546,Toughjoyfax 353436,550,983,11
547,Fixflex 353437,287,636,7
548,Zamit 353438,367,563,2
549,Wrapsafe 353439,946,647,6
550,Ronstring 353530,811,27,20
551,It 353531,240,986,9
552,Ventosanzap 353532,733,733,8
553,Sonsing 353533,299,2,9
554,Cookley 353534,234,111,14
555,Fintone 353535,932,819,5
556,Lotstring 353536,809,614,17
557,Wrapsafe 353537,328,391,3
558,Alpha 353538,449,354,15
559,Bigtax 353539,485,779,5
560,Span 353630,245,722,3
561,Aerified 353631,635,372,8
562,Viva 353632,503,124,9
563,Otcom 353633,33,894,8
564,Bigtax 353634,148,768,7
565,Tempsoft 353635,991,111,11
566,Span 353636,154,379,14
567,Bitchip 353637,435,636,4
568,Zaam-Dox 353638,489,28,11
569,Zamit 353639,444,161,16
570,Zamit 353730,166,19,7
571,Zaam-Dox 353731,856,240,11
572,Daltfresh 353732,910,229,17
573,Stim 353733,775,857,15
574,Y-Solowarm 353734,286,38,1
575,Wrapsafe 353735,350,331,18
576,Duobam 353736,589,920,17
577,Stronghold 353737,668,649,2
578,Transcof 353738,942,457,9
579,Fintone 353739,106,391,7
580,Overhold 353830,404,698,15
581,Redhold 353831,625,954,8
582,Span 353832,546,912,9
583,Voltsillam 353833,287,651,14
584,Span 353834,634,365,20
585,Opela 353835,887,931,12
586,Subin 353836,30,303,4
587,Opela 353837,25,882,14
588,Y-find 353838,779,630,18
589,Ronstring 353839,564,923,3
590,Tin 353930,919,511,4
591,Flowdesk 353931,372,252,19
592,Matsoft 353932,1,772,19
593,Treeflex 353933,591,601,3
594,Viva 353934,732,37,14
595,Fintone 353935,518,737,16
596,Bitchip 353936,864,553,2
597,Cardify 353937,902,132,7
598,Vagram 353938,152,700,4
599,Ronstring 353939,627,396,16
600,Kanlam 363030,205,658,1
601,Sonair 363031,718,17,5
602,Namfix 363032,988,2,20
603,Alpha 363033,908,488,7
604,Aerified 363034,956,857,13
605,Temp 363035,388,952,16
606,Toughjoyfax 363036,604,542,5
607,Biodex 363037,690,220,7
608,Alpha 363038,387,661,13
609,Transcof 363039,892,964,20
610,Sonsing 363130,737,630,20
611,Home Ing 363131,621,351,20
612,Rank 363132,521,48,2
613,Zaam-Dox 363133,779,671,12
614,Zathin 363134,126,737,8
615,Zaam-Dox 363135,891,764,15
616,Cardguard 363136,262,748,3
617,Bitchip 363137,726,523,11
618,Alpha 363138,249,501,2
619,Treeflex 363139,685,383,17
620,Sonsing 363230,349,444,5
621,Biodex 363231,826,404,19
622,Home Ing 363232,346,985,13
623,Fintone 363233,658,527,7
624,Sonair 363234,150,304,17
625,Overhold 363235,278,307,12
626,Veribet 363236,608,200,11
627,Sonsing 363237,303,5,11
628,Duobam 363238,504,258,14
629,Otcom 363239,438,825,6
630,Zamit 363330,824,122,1
631,Regrant 363331,723,957,3
632,Span 363332,31,850,17
633,Temp 363333,100,321,11
634,Tempsoft 363334,752,316,19
635,Redhold 363335,315,950,4
636,Quo Lux 363336,932,426,16
637,Viva 363337,783,880,18
638,Stim 363338,424,150,7
639,Zathin 363339,756,887,11
640,Trippledex 363430,979,216,16
641,Cardify 363431,527,230,13
642,Matsoft 363432,331,773,11
643,Tempsoft 363433,903,467,13
644,Stim 363434,213,716,7
645,Holdlamis 363435,171,601,14
646,Wrapsafe 363436,434,858,16
647,Lotlux 363437,279,549,8
648,Job 363438,928,369,3
649,Keylex 363439,481,411,4
650,Bigtax 363530,621,125,16
651,Toughjoyfax 363531,206,864,18
652,Y-Solowarm 363532,231,545,5
653,Konklux 363533,864,968,4
654,Konklux 363534,801,323,15
655,Quo Lux 363535,555,566,18
656,Voyatouch 363536,568,29,10
657,It 363537,417,496,17
658,Bamity 363538,731,282,4
659,Greenlam 363539,859,800,11
660,Ventosanzap 363630,453,168,2
661,Job 363631,103,548,2
662,Zaam-Dox 363632,385,523,2
663,Holdlamis 363633,605,499,6
664,Asoka 363634,343,429,9
665,Konklux 363635,184,736,20
666,Wrapsafe 363636,465,276,14
667,Stronghold 363637,948,427,2
668,Tresom 363638,570,78,1
669,Vagram 363639,617,221,19
670,Lotlux 363730,467,829,17
671,Stim 363731,725,521,3
672,Alphazap 363732,393,624,1
673,Job 363733,148,884,8
674,Regrant 363734,407,83,3
675,Redhold 363735,186,272,5
676,Duobam 363736,309,994,18
677,Treeflex 363737,257,272,6
678,Bitchip 363738,243,199,14
679,Tresom 363739,143,672,10
680,Y-find 363830,453,290,10
681,Span 363831,4,275,7
682,Y-Solowarm 363832,195,225,15
683,Konklux 363833,329,561,14
684,Regrant 363834,786,180,16
685,Duobam 363835,192,989,18
686,Bytecard 363836,575,794,11
687,Tempsoft 363837,516,33,15
688,Cookley 363838,237,253,16
689,Treeflex 363839,955,556,19
690,Bitchip 363930,865,313,17
691,Viva 363931,130,925,17
692,Latlux 363932,904,687,1
693,Alphazap 363933,983,192,1
694,Zathin 363934,148,157,13
695,Veribet 363935,691,153,16
696,Duobam 363936,858,665,8
697,Domainer 363937,285,195,4
698,Bigtax 363938,538,345,10
699,Daltfresh 363939,974,678,20
700,Kanlam 373030,183,427,6
701,Job 373031,278,203,3
702,Opela 373032,486,993,13
703,Bigtax 373033,12,427,14
704,Job 373034,389,947,1
705,Cookley 373035,512,662,20
706,Zontrax 373036,698,171,11
707,Voltsillam 373037,117,479,12
708,Latlux 373038,754,800,5
709,Bigtax 373039,604,299,8
710,Andalax 373130,624,58,16
711,Andalax 373131,102,550,13
712,Hatity 373132,398,510,7
713,Bitwolf 373133,673,25,11
714,Tin 373134,205,777,12
715,Veribet 373135,202,923,13
716,Bitchip 373136,300,54,13
717,Sub-Ex 373137,387,340,6
718,Cookley 373138,359,612,16
719,Stim 373139,717,498,10
720,Stringtough 373230,654,161,7
721,Bytecard 373231,714,974,14
722,Bitwolf 373232,456,95,12
723,Fintone 373233,467,124,1
724,Fixflex 373234,889,659,5
725,Cardguard 373235,697,637,15
726,Redhold 373236,700,966,6
727,Mat Lam Tam 373237,579,958,2
728,Home Ing 373238,99,116,19
729,Flowdesk 373239,923,717,19
730,Mat Lam Tam 373330,271,195,12
731,Home Ing 373331,503,334,5
732,Tampflex 373332,259,854,16
733,Treeflex 373333,749,66,9
734,Solarbreeze 373334,976,228,17
735,Sonsing 373335,49,575,17
736,Otcom 373336,495,342,8
737,Toughjoyfax 373337,508,609,1
738,Temp 373338,971,329,12
739,Cardguard 373339,477,535,2
740,Stronghold 373430,602,590,14
741,Keylex 373431,278,565,14
742,Ventosanzap 373432,544,644,14
743,Andalax 373433,783,146,8
744,Asoka 373434,453,667,9
745,Greenlam 373435,304,569,15
746,Treeflex 373436,133,404,8
747,Cardify 373437,236,508,16
748,Konklux 373438,158,549,1
749,Bitchip 373439,352,519,1
750,Cookley 373530,8,156,8
751,Cookley 373531,108,841,16
752,Zaam-Dox 373532,117,438,8
753,Cookley 373533,511,531,7
754,Sonsing 373534,284,433,4
755,Greenlam 373535,828,532,8
756,Zoolab 373536,992,191,5
757,Biodex 373537,233,609,17
758,Latlux 373538,137,306,1
759,Fintone 373539,770,389,6
760,Veribet 373630,727,749,13
761,Tresom 373631,932,1,12
762,Bitchip 373632,215,544,6
763,Bitwolf 373633,405,109,6
764,Cardguard 373634,441,568,2
765,Viva 373635,4,296,2
766,Home Ing 373636,175,34,2
767,Y-Solowarm 373637,256,878,15
768,Duobam 373638,110,297,1
769,Overhold 373639,194,340,17
770,Vagram 373730,808,88,14
771,Trippledex 373731,112,965,4
772,Voyatouch 373732,658,23,16
773,Cardguard 373733,39,46,4
774,Alpha 373734,544,995,15
775,Temp 373735,621,598,4
776,Bitwolf 373736,894,342,18
777,Wrapsafe 373737,424,105,19
778,Toughjoyfax 373738,775,607,10
779,Cookley 373739,947,816,3
780,Konklab 373830,320,326,3
781,Ventosanzap 373831,425,374,4
782,Bitwolf 373832,884,330,9
783,Aerified 373833,487,219,2
784,Kanlam 373834,926,374,8
785,Solarbreeze 373835,970,401,7
786,Domainer 373836,105,436,13
787,Flexidy 373837,855,285,7
788,Keylex 373838,654,283,4
789,Stringtough 373839,659,760,20
790,Domainer 373930,399,526,3
791,Regrant 373931,889,999,14
792,Konklux 373932,769,473,2
793,Bamity 373933,619,104,5
794,Mat Lam Tam 373934,365,421,7
795,Flexidy 373935,142,998,20
796,Rank 373936,247,590,18
797,Mat Lam Tam 373937,857,332,15
798,Zoolab 373938,740,625,6
799,Treeflex 373939,339,789,9
800,Alphazap 383030,640,567,8
801,Cardguard 383031,461,548,17
802,Tres-Zap 383032,406,736,10
803,Ronstring 383033,35,14,14
804,Bytecard 383034,788,314,13
805,Fix San 383035,933,297,3
806,Biodex 383036,147,171,18
807,Cardguard 383037,806,27,5
808,Lotstring 383038,346,26,1
809,Namfix 383039,312,139,1
810,Zoolab 383130,439,304,11
811,Zaam-Dox 383131,229,117,8
812,Asoka 383132,971,940,15
813,Fixflex 383133,383,53,13
814,Hatity 383134,990,711,17
815,Y-Solowarm 383135,624,521,12
816,Duobam 383136,890,337,16
817,Tempsoft 383137,663,278,20
818,Domainer 383138,500,954,18
819,Voyatouch 383139,543,161,20
820,Stronghold 383230,898,534,15
821,Voltsillam 383231,479,119,8
822,Alpha 383232,466,362,14
823,Vagram 383233,647,648,14
824,Ventosanzap 383234,928,554,12
825,Zoolab 383235,132,796,5
826,Prodder 383236,364,619,7
827,Biodex 383237,764,32,10
828,Opela 383238,916,915,16
829,Kanlam 383239,864,341,7
830,Alpha 383330,777,567,8
831,Bamity 383331,30,808,9
832,Y-Solowarm 383332,199,644,15
833,Toughjoyfax 383333,794,572,17
834,Daltfresh 383334,722,305,17
835,Temp 383335,683,372,4
836,Tin 383336,476,324,10
837,Konklab 383337,560,590,19
838,Zoolab 383338,676,404,19
839,Fixflex 383339,859,256,14
840,Y-Solowarm 383430,677,277,18
841,Rank 383431,817,830,6
842,Subin 383432,226,957,4
843,Konklux 383433,497,553,4
844,Treeflex 383434,953,431,14
845,Lotstring 383435,477,268,1
846,Bigtax 383436,129,885,2
847,Stringtough 383437,57,983,9
848,Tampflex 383438,973,371,5
849,Temp 383439,652,118,1
850,Tampflex 383530,117,797,15
851,Gembucket 383531,495,194,9
852,Daltfresh 383532,185,870,19
853,Lotlux 383533,171,516,4
854,Lotlux 383534,955,712,10
855,Job 383535,756,699,5
856,Holdlamis 383536,593,294,4
857,Duobam 383537,746,449,10
858,Fixflex 383538,923,907,13
859,Sonsing 383539,939,239,3
860,Domainer 383630,559,401,19
861,Bigtax 383631,756,338,2
862,Tresom 383632,629,537,5
863,Flexidy 383633,358,416,19
864,Home Ing 383634,517,727,16
865,Sonair 383635,980,97,9
866,Treeflex 383636,217,886,1
867,Matsoft 383637,154,355,16
868,Duobam 383638,369,332,8
869,Bitchip 383639,779,699,5
870,Zoolab 383730,103,333,12
871,Stronghold 383731,933,719,2
872,Otcom 383732,567,716,8
873,Trippledex 383733,45,511,18
874,Latlux 383734,337,370,1
875,Stim 383735,355,483,14
876,Tempsoft 383736,330,658,5
877,Tres-Zap 383737,879,419,18
878,Ventosanzap 383738,180,544,7
879,Andalax 383739,416,451,12
880,Sub-Ex 383830,10,241,8
881,It 383831,582,127,20
882,Mat Lam Tam 383832,451,364,12
883,Vagram 383833,441,494,3
884,Home Ing 383834,279,791,14
885,Hatity 383835,628,277,7
886,Bitwolf 383836,792,962,1
887,Transcof 383837,654,542,15
888,Bigtax 383838,523,808,6
889,Mat Lam Tam 383839,52,601,6
890,Treeflex 383930,816,235,7
891,Prodder 383931,54,528,7
892,Bamity 383932,434,343,7
893,Y-find 383933,506,835,1
894,Konklab 383934,403,977,4
895,Y-find 383935,564,15,1
896,Voltsillam 383936,139,572,6
897,Quo Lux 383937,638,592,12
898,Cardguard 383938,982,332,1
899,Wrapsafe 383939,925,816,20
900,Aerified 393030,7,970,13
901,It 393031,553,496,19
902,Cardify 393032,762,37,10
903,Y-Solowarm 393033,813,986,19
904,Duobam 393034,874,865,10
905,It 393035,72,209,14
906,Greenlam 393036,211,481,3
907,Flowdesk 393037,692,766,12
908,Voltsillam 393038,167,852,16
909,Biodex 393039,762,470,18
910,Pannier 393130,435,891,19
911,Cardify 393131,68,280,5
912,Cardify 393132,949,365,4
913,Zamit 393133,984,228,10
914,Pannier 393134,468,342,13
915,Tresom 393135,475,923,8
916,Kanlam 393136,370,86,4
917,Solarbreeze 393137,736,708,2
918,Tresom 393138,132,522,20
919,Andalax 393139,69,312,3
920,Latlux 393230,551,438,13
921,It 393231,821,569,7
922,Bytecard 393232,556,75,2
923,It 393233,82,411,9
924,Span 393234,396,848,18
925,Wrapsafe 393235,635,450,4
926,Overhold 393236,67,37,3
927,Gembucket 393237,207,116,12
928,Konklab 393238,746,1,1
929,Span 393239,975,145,8
930,Sonsing 393330,697,568,16
931,Gembucket 393331,614,592,16
932,Andalax 393332,759,359,10
933,Cookley 393333,706,529,13
934,Tres-Zap 393334,805,305,5
935,Tresom 393335,284,419,3
936,Toughjoyfax 393336,780,899,7
937,Opela 393337,417,744,11
938,Latlux 393338,584,285,10
939,Prodder 393339,450,928,16
940,Andalax 393430,501,706,14
941,Subin 393431,537,252,10
942,Opela 393432,946,515,15
943,Prodder 393433,165,882,14
944,Viva 393434,953,413,20
945,Temp 393435,482,198,2
946,Veribet 393436,36,353,10
947,Zoolab 393437,4,119,19
948,Tresom 393438,962,125,9
949,Viva 393439,361,424,14
950,Rank 393530,934,212,13
951,Gembucket 393531,0,26,13
952,Redhold 393532,505,325,2
953,It 393533,674,815,13
954,Sub-Ex 393534,657,958,16
955,Zoolab 393535,215,387,18
956,Tempsoft 393536,812,813,6
957,Tresom 393537,81,92,9
958,Cardguard 393538,730,414,8
959,Regrant 393539,575,691,13
960,Wrapsafe 393630,10,846,9
961,Redhold 393631,559,570,10
962,Asoka 393632,385,104,6
963,Gembucket 393633,113,407,19
964,Keylex 393634,248,930,18
965,Bigtax 393635,703,906,12
966,Konklux 393636,995,624,1
967,Zathin 393637,535,576,16
968,Opela 393638,859,285,1
969,Stronghold 393639,931,362,4
970,Viva 393730,571,185,7
971,Overhold 393731,793,912,14
972,Biodex 393732,531,692,4
973,Bigtax 393733,18,721,14
974,Zathin 393734,512,408,16
975,Holdlamis 393735,135,888,10
976,Stringtough 393736,419,345,2
977,Daltfresh 393737,612,638,2
978,Tres-Zap 393738,88,424,1
979,Fintone 393739,217,100,10
980,Sonsing 393830,58,187,19
981,Viva 393831,700,798,19
982,Alphazap 393832,657,170,16
983,Cardify 393833,903,262,2
984,Duobam 393834,34,542,20
985,Tres-Zap 393835,180,569,11
986,Overhold 393836,583,277,20
987,Span 393837,817,149,9
988,Veribet 393838,38,218,11
989,Alpha 393839,854,217,7
990,Andalax 393930,293,715,5
991,Tin 393931,621,396,7
992,Tres-Zap 393932,241,363,19
993,Konklab 393933,975,547,1
994,Span 393934,341,939,3
995,Asoka 393935,91,3,10
996,Holdlamis 393936,211,124,8
997,Ventosanzap 393937,732,565,3
998,Flowdesk 393938,234,668,6
999,Y-find 393939,899,477,20
1000,Alpha 31303030,560,108,2
